"{""POLICY DETAILS"": ""The lender requires a consent to release information form signed by all parties involved."", ""Status"": ""Y"", ""POLICY NAME"": ""BFS (CMHC Program)""}"
---Error--- 
"{""POLICY DETAILS"": """", ""Status"": ""M"", ""POLICY NAME"": ""BFS ALT-A""}"
"{""POLICY DETAILS"": ""The property must be approved by the lending areas (e.g., Ontario only)."", ""Status"": ""Y"", ""POLICY NAME"": ""BFS Stated Income (Bank Statements)""}"
"{""POLICY DETAILS"": ""The maximum number of properties a client can have financed is 4. This includes primary residences and second homes."", ""Status"": ""Y"", ""POLICY NAME"": ""BFS Stated Income (Conventional)""}"
"{""POLICY DETAILS"": ""The document explicitly states that lending areas are restricted to Ontario only."", ""Status"": ""Y"", ""POLICY NAME"": ""BFS Stated Income (Sagen & CG Program)""}"
"{""POLICY DETAILS"": ""Pre-authorized debit agreement"", ""Status"": ""Y"", ""POLICY NAME"": ""Cash Back Mortgages""}"
"{""POLICY DETAILS"": ""Tarion warranty required"", ""Status"": ""Y"", ""POLICY NAME"": ""Collateral Switch/Transfer""}"
"{""POLICY DETAILS"": ""No information found regarding property tax application forms."", ""Status"": ""N"", ""POLICY NAME"": ""Construction""}"
"{""POLICY DETAILS"": ""Maximum number of properties per mortgage application: 4"", ""Status"": ""Y"", ""POLICY NAME"": ""Cottage/Recreational Properties""}"
"{""POLICY DETAILS"": ""Pre-authorized debit agreement"", ""Status"": ""Y"", ""POLICY NAME"": ""Equity Program""}"
"{""POLICY DETAILS"": ""Gift letter required for all down payments over $10,000"", ""Status"": ""Y"", ""POLICY NAME"": ""Flex Down Payments (ie; Credit Cards)""}"
"{""POLICY DETAILS"": ""Tarion warranty required for new homes in Ontario."", ""Status"": ""Y"", ""POLICY NAME"": ""Foreign Borrowers (Non-Residents)""}"
"{""POLICY DETAILS"": ""Maximum number of properties: Maximum rental properties allowed. Maximum number of doors/units: 4-plex max."", ""Status"": ""Y"", ""POLICY NAME"": ""Limited Feature Mortgages""}"
"{""POLICY DETAILS"": ""The lender will accept electronic signatures and Digital Signatures via DocuSign."", ""Status"": ""Y"", ""POLICY NAME"": ""Medical Professionals Program""}"
"{""POLICY DETAILS"": ""No explicit mention of a lending area restriction was found."", ""Status"": ""N"", ""POLICY NAME"": ""Mortgage & HELOC Combinations""}"
"{""POLICY DETAILS"": ""The property must be a single-family home with a maximum of four units."", ""Status"": ""Y"", ""POLICY NAME"": ""Net Worth Program""}"
"{""POLICY DETAILS"": ""Mortgage penalty calculator, prepayment penalty tool, interest penalty calculator, break cost calculator"", ""Status"": ""Y"", ""POLICY NAME"": ""New to Canada""}"
"{""POLICY DETAILS"": ""Mortgage pre-approval policy requiring a purchase of primary residence with a down payment of at least 20%."", ""Status"": ""Y"", ""POLICY NAME"": ""New to Canada (Rental)""}"
"{""POLICY DETAILS"": ""The lender will conduct a credit check on the borrower as part of the application process."", ""Status"": ""Y"", ""POLICY NAME"": ""No-fee Alt Lender""}"
"{""POLICY DETAILS"": ""Tarion warranty required"", ""Status"": ""Y"", ""POLICY NAME"": ""Non-Permanent/Temporary Residents""}"
"{""POLICY DETAILS"": ""Mortgage approval criteria include maximum debt-to-income ratios of 41% for principal residency."", ""Status"": ""Y"", ""POLICY NAME"": ""Open Mortgages""}"
"{""POLICY DETAILS"": ""Down payment gift letters are acceptable and must be submitted with the application."", ""Status"": ""Y"", ""POLICY NAME"": ""Pre-Approval Programs""}"
"{""POLICY DETAILS"": ""The document explicitly mentions 'pre-authorized debit agreement' as a form to be used in loan processes."", ""Status"": ""Y"", ""POLICY NAME"": ""Pre-Approval Programs With No Premium""}"
"{""POLICY DETAILS"": ""The maximum number of properties a client can have financed is limited to four as per regulatory requirements."", ""Status"": ""Y"", ""POLICY NAME"": ""Professionals""}"
"{""POLICY DETAILS"": ""Tarion warranty required for new homes"", ""Status"": ""Y"", ""POLICY NAME"": ""Purchase Plus Improvements""}"
"{""POLICY DETAILS"": ""Mortgage penalty calculator tool available on lender's website. Users can input specific details to compute potential penalties."", ""Status"": ""Y"", ""POLICY NAME"": ""Purchase Plus Improvements Uninsurable""}"
"{""POLICY DETAILS"": ""Pre-authorization form for gift letters must be signed and submitted with all applications."", ""POLICY NAME"": ""Raw/Vacant Land Financing""}"
"{""POLICY DETAILS"": ""Mortgage prepayment penalty calculator, interest rate penalties, and break cost calculators are available on our website. Please use the tool provided to determine costs before proceeding with any financial decisions."", ""Status"": ""Y"", ""POLICY NAME"": ""Refinance""}"
"{""POLICY DETAILS"": ""Insufficient information or not found."", ""Status"": ""N"", ""POLICY NAME"": ""Refinance on Rentals""}"
"{""POLICY DETAILS"": ""Mentioned as part of Tarion warranty enrollment"", ""Status"": ""Y"", ""POLICY NAME"": ""Rental Properties""}"
"{""POLICY DETAILS"": ""The policy requires a minimum house size of 550 square feet."", ""Status"": ""Y"", ""POLICY NAME"": ""Reverse Mortgages""}"
"{""POLICY DETAILS"": ""Gift letters must be included with the application for down payment gifts. Gift letters are considered part of the documentation and must meet specific requirements."", ""Status"": ""Y"", ""POLICY NAME"": ""Second Homes""}"
"{""POLICY DETAILS"": ""Maximum number of properties is mentioned as 'maximum rental properties'."", ""POLICY NAME"": ""Spousal/Partner Buyout""}"
"{""POLICY DETAILS"": ""Tarion warranty required for new homes."", ""Status"": ""Y"", ""POLICY NAME"": ""Standard Conventional Insurable Program""}"
"{""POLICY DETAILS"": ""The policy explicitly states the maximum number of properties a client can finance. The document mentions 'maximum rental properties' and 'number of mortgages allowed.' It also includes details about multi-unit limits (e.g., 4-plex max)."", ""Status"": ""Y"", ""POLICY NAME"": ""Switch/Transfer""}"
"{""POLICY DETAILS"": ""The document explicitly states that consent to release information must be obtained from all borrowers before any information can be shared."", ""Status"": ""Y"", ""POLICY NAME"": ""APPRAISAL, LEGAL AND TAXES""}"
"{""POLICY DETAILS"": ""Mortgage penalty calculator"", ""Status"": ""Y"", ""POLICY NAME"": ""Appraisal Details""}"
"{""POLICY DETAILS"": ""The lender requires a property inspection report before issuing a loan. The report must be conducted by a licensed inspector and include details of any defects or issues found on the property."", ""POLICY NAME"": ""Appraisal Rebates""}"
"{""POLICY DETAILS"": ""The lender will perform a credit check and consider factors such as income stability, employment status, and debt-to-income ratios. A minimum FICO score of 620 is required for approval."", ""Status"": ""Y"", ""POLICY NAME"": ""Approved Appraisers List""}"
"{""POLICY DETAILS"": ""Tarion warranty required for new homes."", ""Status"": ""Y"", ""POLICY NAME"": ""Approved Lawyers""}"
"{""POLICY DETAILS"": ""The document explicitly states 'Tarion warranty required' for new homes and mentions Tarion enrollment."", ""Status"": ""Y"", ""POLICY NAME"": ""APV or AVM""}"
"{""POLICY DETAILS"": ""The lender will consider properties located in rural areas as eligible for certain loan programs."", ""Status"": ""Y"", ""POLICY NAME"": ""Dual Representation by Lawyer""}"
"{""POLICY DETAILS"": ""The document explicitly mentions Tarion warranty required for new homes in Ontario."", ""Status"": ""Y"", ""POLICY NAME"": ""Legal Rebates""}"
"{""POLICY DETAILS"": ""The document explicitly states that all properties must have a private well and septic system."", ""Status"": ""Y"", ""POLICY NAME"": ""Lender Collects and Pays Property Taxes""}"
"{""POLICY DETAILS"": ""The property must have a maximum of four doors as per the lending criteria."", ""Status"": ""Y"", ""POLICY NAME"": ""Loan on Appraised Value""}"
"{""POLICY DETAILS"": ""Tarion warranty required for new homes in Ontario."", ""Status"": ""Y"", ""POLICY NAME"": ""Loan on Purchase Price""}"
"{""POLICY DETAILS"": ""Tarion warranty required"", ""Status"": ""Y"", ""POLICY NAME"": ""Max Capitalization & What Lender Pays For (Switch/Transfer)""}"
"{""POLICY DETAILS"": ""Tarion warranty required for new homes"", ""Status"": ""Y"", ""POLICY NAME"": ""Power of Attorney""}"
"{""POLICY DETAILS"": ""Mortgage prepayment penalty calculator: Y"", ""Status"": ""Y"", ""POLICY NAME"": ""Title Insurance Details""}"
"{""POLICY DETAILS"": ""If a property is found to be non-compliant with local building codes, the lender will not approve the mortgage application. This includes issues such as improper permits or zoning violations."", ""POLICY NAME"": ""Title Vesting Period""}"
"{""POLICY DETAILS"": ""The use of electronic signatures and digital documents is explicitly supported by the document."", ""Status"": ""Y"", ""POLICY NAME"": ""Will Pay Out: Personal, CRA or HST Tax Arrears""}"
"{""POLICY DETAILS"": ""Clearly mentioned and unambiguously stated."", ""Status"": ""Y"", ""POLICY NAME"": ""Will Pay Out: Property Tax Arrears""}"
"{""POLICY DETAILS"": ""Tarion warranty required for new homes; New construction warranties include Tarion enrollment."", ""Status"": ""Y"", ""POLICY NAME"": ""COMMISSIONS""}"
"{""POLICY DETAILS"": ""The lender will consider properties located in rural areas as eligible for certain loan programs. (e.g., farms, country properties)."", ""Status"": ""Y"", ""POLICY NAME"": ""Finders Fees""}"
"{""POLICY DETAILS"": ""Pre-authorized debit agreement: pre-authorized debit (PAD) form, automatic payment agreement, auto debit form, preauthorized payment form, bank withdrawal authorization"", ""Status"": ""Y"", ""POLICY NAME"": ""Renewal Pay""}"
"{""POLICY DETAILS"": ""Maximum number of properties financed: The lender will not finance more than [X] properties at any one time. (e.g., 5)"", ""Status"": ""Y"", ""POLICY NAME"": ""Trailer Fees""}"
"{""POLICY DETAILS"": ""Mortgage prepayment penalty calculator available on website."", ""Status"": ""Y"", ""POLICY NAME"": ""Volume Bonus""}"
"{""POLICY DETAILS"": ""Condo size requirement (e.g., 550 sq ft)"", ""Status"": ""Y"", ""POLICY NAME"": ""CREDIT REQUIREMENTS""}"
"{""POLICY DETAILS"": ""Consent to release information"", ""Status"": ""Y"", ""POLICY NAME"": ""Age of Credit Bureau (Days)""}"
"{""POLICY DETAILS"": ""Gift letters are explicitly mentioned as a form that allows gifting of down payments."", ""Status"": ""Y"", ""POLICY NAME"": ""Bankruptcy Purchase""}"
"{""POLICY DETAILS"": ""The document explicitly states 'a maximum number of properties' can be financed (e.g., 4-plex max)."", ""Status"": ""Y"", ""POLICY NAME"": ""Bankruptcy Refinace""}"
"{""POLICY DETAILS"": ""The lender requires all properties to be inspected by a professional inspector prior to mortgage approval. This includes checking for any structural issues or safety hazards."", ""POLICY NAME"": ""Beacon <680 Max GDS/TDS""}"
"{""POLICY DETAILS"": ""The keywords provided do not explicitly mention a specific lending area restriction, but they do include mentions of 'location eligibility' and 'geographic restrictions'. These terms suggest that the lender may impose location-based policies on its lending practices."", ""Status"": ""M"", ""POLICY NAME"": ""Beacon >680 Max GDS/TDS""}"
"{""POLICY DETAILS"": ""The policy explicitly states that any property with a maximum number of doors (max units) limit is allowed. It mentions 'number of units allowed' as well."", ""Status"": ""Y"", ""POLICY NAME"": ""Consumer Proposals ""}"
"{""POLICY DETAILS"": ""Mortgage approval and lending criteria are subject to geographic restrictions as outlined in section 3.2 of the lender's guidelines."", ""Status"": ""Y"", ""POLICY NAME"": ""Credit Scores Based on Applicant Details""}"
"{""POLICY DETAILS"": ""Tarion warranty required for new homes"", ""Status"": ""Y"", ""POLICY NAME"": ""Double Bankruptcy""}"
"{""POLICY DETAILS"": ""Gift letters are required for down payments that are gifts."", ""Status"": ""Y"", ""POLICY NAME"": ""GDS/TDS Exceptions""}"
"{""POLICY DETAILS"": ""(e.g., 5% down payment, annual cap on claims)"", ""Status"": ""Y"", ""POLICY NAME"": ""GDS/TDS for 2nd Mortgage""}"
"{""POLICY DETAILS"": ""The document explicitly mentions 'Tarion warranty required' under the 'POLICY DETAILS' section."", ""Status"": ""Y"", ""POLICY NAME"": ""GDS/TDS for LOC""}"
"{""POLICY DETAILS"": ""The lender will require a consent to release information form signed by all parties involved in the transaction."", ""Status"": ""Y"", ""POLICY NAME"": ""Minimum Beacon Requirements""}"
"{""POLICY DETAILS"": ""The policy explicitly states that all multi-unit properties must be approved before a mortgage is granted. The lending area includes only Ontario."", ""Status"": ""Y"", ""POLICY NAME"": ""Equifax Bureaus""}"
"{""POLICY DETAILS"": ""The lender will verify that all necessary documentation, including but not limited to government-issued identification, proof of income, and a signed loan agreement, has been provided by the borrower. Any incomplete or falsified documents will result in the denial of the loan application."", ""POLICY NAME"": ""Transunion Bureaus""}"
"{""POLICY DETAILS"": ""Tarion warranty required"", ""Status"": ""Y"", ""POLICY NAME"": ""QUALIFYING & FEES""}"
"{""POLICY DETAILS"": ""The document explicitly states that all properties must be on private wells and septic systems are required for such homes. This includes a requirement for regular septic inspections."", ""Status"": ""Y"", ""POLICY NAME"": ""Insurable/Insured Deals Only""}"
"{""POLICY DETAILS"": ""Tarion warranty required"", ""Status"": ""Y"", ""POLICY NAME"": ""Insurers (Canada Guarantee)""}"
"{""POLICY DETAILS"": ""Clearly mentioned as 'Tarion warranty required' on page 15."", ""Status"": ""Y"", ""POLICY NAME"": ""Insurers (CMHC)""}"
"{""POLICY DETAILS"": ""Inclusion of a laneway house as part of the property"", ""Status"": ""Y"", ""POLICY NAME"": ""Insurers (Sagen)""}"
"{""POLICY DETAILS"": ""Pre-authorized debit agreement"", ""Status"": ""Y"", ""POLICY NAME"": ""Lending Fee""}"
"{""POLICY DETAILS"": ""Gift letters are required for down payments, as mentioned in Section 3.2.3."", ""Status"": ""Y"", ""POLICY NAME"": ""Maintenance Fee""}"
"{""POLICY DETAILS"": ""Mortgage penalty calculator; prepayment penalty tool; automatic payment agreement; bank withdrawal authorization; e-signature platform (e.g., DocuSign); gift letter form; electronic signing; consent to release information; authorization forms for debt payout; property tax application form;"", ""POLICY NAME"": ""Qualify at Contract Rate""}"
"{""POLICY DETAILS"": ""Maximum number of properties a client can have financed: 4"", ""Status"": ""Y"", ""POLICY NAME"": ""Qualifying Rate for Conventional Deals""}"
"{""POLICY DETAILS"": ""The keyword 'Tarion warranty required' explicitly states that a Tarion warranty is necessary for new homes."", ""Status"": ""Y"", ""POLICY NAME"": ""Renewal Fees and Details""}"
"{""POLICY DETAILS"": ""Maximum number of properties, multiple properties limit, total properties financed, number of mortgages allowed, maximum rental properties"", ""Status"": ""Y"", ""POLICY NAME"": ""DOWN PAYMENT ""}"
"{""POLICY DETAILS"": ""Gift letters are explicitly mentioned as 'gift letter' and 'down payment gift letter', etc."", ""Status"": ""Y"", ""POLICY NAME"": ""Gifted Down Payment Aunt/Uncle""}"
"{""POLICY DETAILS"": ""Condo size requirements: Minimum of 550 sq ft."", ""Status"": ""Y"", ""POLICY NAME"": ""Gifted From Immediately Family Member""}"
"{""POLICY DETAILS"": ""The property must be a single-family home with a maximum of four bedrooms."", ""Status"": ""Y"", ""POLICY NAME"": ""Gifted From Immediately Family Member (Rental)""}"
"{""POLICY DETAILS"": ""No policies are explicitly mentioned in the provided text."", ""POLICY NAME"": ""Gifted Money From Non-Family""}"
"{""POLICY DETAILS"": ""No specific policy mentioned related to electronic signatures."", ""Status"": ""N"", ""POLICY NAME"": ""Government Grants""}"
"{""POLICY DETAILS"": ""The maximum number of properties a borrower can have is limited to four."", ""Status"": ""Y"", ""POLICY NAME"": ""How Much of the Down Payment Can Be Gifted? (100% or % From Own Funds)""}"
"{""POLICY DETAILS"": ""The lender will verify that all information provided by the borrower is accurate and complete."", ""Status"": ""Y"", ""POLICY NAME"": ""Rent to Own Agreements""}"
"{""POLICY DETAILS"": ""Tarion warranty required for new homes in Ontario. Must be enrolled in Tarion warranty program within 10 days of possession."", ""Status"": ""Y"", ""POLICY NAME"": ""RRSP Withdrawals""}"
"{""POLICY DETAILS"": ""Mortgage prepayment penalties are charged when you pay off your mortgage early. These penalties can apply to either fixed-rate or variable-rate mortgages. Fixed-rate loans typically have higher prepayment penalties compared to variable-rate loans."", ""Status"": ""Y"", ""POLICY NAME"": ""Vendor Take Back Mortgages""}"
"{""POLICY DETAILS"": ""Tarion warranty required for new homes."", ""Status"": ""Y"", ""POLICY NAME"": ""BUSINESS FOR SELF INCOME""}"
"{""POLICY DETAILS"": ""The document explicitly states the down payment gift letter requirements in section 5.3."", ""Status"": ""Y"", ""POLICY NAME"": ""Add Backs (CCA and Business Use of Home)""}"
"{""POLICY DETAILS"": ""There are no details available for this policy."", ""Status"": ""N"", ""POLICY NAME"": ""Business for Self (Self-Employed) Confirmed""}"
"{""POLICY DETAILS"": ""Condo unit must be at least 550 sq ft."", ""Status"": ""Y"", ""POLICY NAME"": ""Line 150 2 Year Average for BFS""}"
"{""POLICY DETAILS"": ""In the context of lending areas, geographic restrictions are mentioned, such as 'province limitations' and 'location restrictions'."", ""Status"": ""Y"", ""POLICY NAME"": ""Line 150 Gross-up Income BFS""}"
"{""POLICY DETAILS"": ""Tarion warranty required for new homes"", ""Status"": ""Y"", ""POLICY NAME"": ""Minimum Time in Business (BFS)""}"
"{""POLICY DETAILS"": ""Tarion warranty required"", ""Status"": ""Y"", ""POLICY NAME"": ""Self Declared Income""}"
"{""POLICY DETAILS"": ""(e.g., 'The property must be less than 10 acres in size.')"", ""Status"": ""Y"", ""POLICY NAME"": ""Vehicle Allowance""}"
"{""POLICY DETAILS"": ""All properties must have a clear title with no liens or encumbrances."", ""Status"": ""Y"", ""POLICY NAME"": ""INCOME""}"
"{""POLICY DETAILS"": ""Maximum number of properties: 4-plex max"", ""Status"": ""Y"", ""POLICY NAME"": ""Add Percent of Rents to Gross Income ""}"
"{""POLICY DETAILS"": ""No explicit mentions of Tarion Warranty required."", ""Status"": ""N"", ""POLICY NAME"": ""Alimony/Child Support (Income)""}"
"{""POLICY DETAILS"": ""Tarion warranty required for new homes. This must be enrolled at the time of purchase."", ""Status"": ""Y"", ""POLICY NAME"": ""Assets as income ""}"
"{""POLICY DETAILS"": ""Penalty calculator available upon request."", ""Status"": ""M"", ""POLICY NAME"": ""Assured Income for the Severely Handicapped (AISH)""}"
"{""POLICY DETAILS"": ""**Pre-authorized debit agreement**"", ""Status"": ""Y"", ""POLICY NAME"": ""Bonus / Overtime""}"
"{""POLICY DETAILS"": ""The document explicitly mentions the Tarion warranty required for new homes in Ontario."", ""Status"": ""Y"", ""POLICY NAME"": ""Canada Child Benefit (CCB)""}"
"{""POLICY DETAILS"": ""No policies were found for this instance."", ""POLICY NAME"": ""CCB Age Requirements""}"
"{""POLICY DETAILS"": ""Consent to release information"", ""Status"": ""Y"", ""POLICY NAME"": ""CCB How Much Can We Use? (% of Total Income)""}"
"{""POLICY DETAILS"": ""Down payment gift letters are explicitly allowed and mentioned as acceptable in the document."", ""Status"": ""Y"", ""POLICY NAME"": ""Co-signer Has to be Related""}"
"{""POLICY DETAILS"": ""Tarion warranty required for new homes."", ""Status"": ""Y"", ""POLICY NAME"": ""Co-signer Required to be on Title""}"
"{""POLICY DETAILS"": ""The policy explicitly states that a maximum of four units (e.g., a 4-plex) are allowed for multi-unit properties."", ""Status"": ""Y"", ""POLICY NAME"": ""Co-signer to Live in the Property""}"
"{""POLICY DETAILS"": ""Tarion warranty required for new homes."", ""Status"": ""Y"", ""POLICY NAME"": ""Co-signers Allowed""}"
"{""POLICY DETAILS"": ""The lender will consider properties located outside of urban centers as eligible for lending. Additionally, the lender may have specific requirements regarding property size, such as maximum acreage."", ""Status"": ""Y"", ""POLICY NAME"": ""Commissioned Income""}"
"{""POLICY DETAILS"": ""Insufficient information to determine whether a related policy exists."", ""POLICY NAME"": ""Contract Income""}"
"{""POLICY DETAILS"": ""The property must have a private well and septic system. A septic inspection is required before closing."", ""Status"": ""Y"", ""POLICY NAME"": ""Contributory Income""}"
"{""POLICY DETAILS"": ""Mortgage Break Cost Calculator"", ""Status"": ""Y"", ""POLICY NAME"": ""Do You Accept People on Probation""}"
"{""POLICY DETAILS"": ""Maximum number of properties a borrower can have: 4."", ""Status"": ""Y"", ""POLICY NAME"": ""Employment Insurance""}"
"{""POLICY DETAILS"": ""Mortgage approval is based on income, employment, and credit history."", ""Status"": ""Y"", ""POLICY NAME"": ""Foster Care / Care Aide income""}"
"{""POLICY DETAILS"": ""Mortgage prepayment penalty calculator available on website. Use the online tool to calculate penalties before making a payment."", ""POLICY NAME"": ""Guarantor Has to be Related""}"
"{""POLICY DETAILS"": ""Penalty calculator is available for prepayment and break costs."", ""Status"": ""Y"", ""POLICY NAME"": ""Guarantors Allowed""}"
"{""POLICY DETAILS"": ""The policy mentions 'previous power of sale' explicitly on line ..."", ""Status"": ""Y"", ""POLICY NAME"": ""Guarantors Required to be on Title""}"
"{""POLICY DETAILS"": ""There are no clearly mentioned policies related to property features in this document."", ""Status"": ""N"", ""POLICY NAME"": ""Guarantors to Live in the Property""}"
"{""POLICY DETAILS"": ""The policy explicitly states that properties with a maximum number of doors allowed is four units (e.g., 4-plex max)."", ""Status"": ""Y"", ""POLICY NAME"": ""Hourly""}"
---Error--- 
"{""POLICY DETAILS"": """", ""Status"": ""Y"", ""POLICY NAME"": ""Investment Income / RRIF""}"
---Error--- 
"{""POLICY DETAILS"": ""Not applicable"", ""Status"": ""N"", ""POLICY NAME"": ""Long Term Disability""}"
"{""POLICY DETAILS"": ""The lender will conduct a credit check and assess the borrower's ability to repay the loan. The minimum credit score required is 680 for approval."", ""Status"": ""Y"", ""POLICY NAME"": ""Maximum Number of Applicants""}"
"{""POLICY DETAILS"": ""The lender will accept down payments from gifts subject to certain conditions as outlined in Section 12.3 of the guidelines."", ""Status"": ""Y"", ""POLICY NAME"": ""Non-Taxable/Tips""}"
"{""POLICY DETAILS"": ""The keywords provided include terms related to property types, lending restrictions, documentation requirements, and various policies. For each keyword, we need to determine if there is an explicit or implied policy mentioned in the document."", ""Status"": ""N"", ""POLICY NAME"": ""OAS - CPP - RPP (Pension Income)""}"
"{""POLICY DETAILS"": ""Tarion warranty required for new homes"", ""Status"": ""Y"", ""POLICY NAME"": ""On-Indian Reserve (Income)""}"
"{""POLICY DETAILS"": ""No explicit mention of a specific lending area or location restrictions in the document."", ""Status"": ""N"", ""POLICY NAME"": ""Ontario Disability Support Program Income""}"
"{""POLICY DETAILS"": ""The document explicitly mentions 'Tarion warranty required' for new homes. Tarion enrollment is also referenced as a requirement."", ""Status"": ""Y"", ""POLICY NAME"": ""Parental/Maternity Leave""}"
"{""POLICY DETAILS"": ""Not found"", ""Status"": ""N"", ""POLICY NAME"": ""Reduce Rental Expenses and Add to Gross Income""}"
"{""POLICY DETAILS"": ""The document explicitly states that all e-signatures must be done through DocuSign and that digital signatures are accepted."", ""Status"": ""Y"", ""POLICY NAME"": ""Rental (Income): Non-Subject Property""}"
"{""POLICY DETAILS"": ""Consent to Release Information"", ""Status"": ""Y"", ""POLICY NAME"": ""Rental (Income): Owner-Occupied + Separate Unit""}"
"{""POLICY DETAILS"": ""The following policies were identified and extracted from the provided text."", ""POLICY NAME"": ""Rental (Income): Subject Property""}"
"{""POLICY DETAILS"": ""Consent to release information"", ""Status"": ""Y"", ""POLICY NAME"": ""Rental (Income): Worksheet""}"
"{""POLICY DETAILS"": ""The document explicitly mentions 'Tarion warranty required' for new homes. Tarion Warranty is a mandatory program in Ontario for new constructions."", ""POLICY NAME"": ""Rental Income at Market Rents""}"
"{""POLICY DETAILS"": ""The maximum number of properties a client can have financed is specified by the lender's guidelines. For example, some lenders allow up to 4-plex max."", ""Status"": ""Y"", ""POLICY NAME"": ""Rental Pools""}"
"{""POLICY DETAILS"": ""The document explicitly states Tarion warranty required for new homes."", ""Status"": ""Y"", ""POLICY NAME"": ""Rental Surplus/Shortfall Calculation""}"
"{""POLICY DETAILS"": ""The maximum number of properties a client can finance is five (5). This includes both primary and secondary residences. Any additional properties must be approved on a case-by-case basis."", ""POLICY NAME"": ""Short Term Disability""}"
"{""POLICY DETAILS"": ""Mortgage approval based on annual income (must be verifiable and stable)"", ""Status"": ""Y"", ""POLICY NAME"": ""Taxable Other""}"
"{""POLICY DETAILS"": ""The document explicitly states that the lending region is restricted to Ontario only. This is clearly mentioned under the geographic restrictions section."", ""Status"": ""Y"", ""POLICY NAME"": ""Trust (Income)""}"
"{""POLICY DETAILS"": ""Tarion warranty required for new homes and certain construction projects in Ontario."", ""Status"": ""Y"", ""POLICY NAME"": ""WSIB (Income)""}"
"{""POLICY DETAILS"": ""The lender will verify the property's status through a title search. This includes checking for any liens or encumbrances on the land. (M)"", ""Status"": ""M"", ""POLICY NAME"": ""EXPENSE PAYMENT CALCULATIONS""}"
"{""POLICY DETAILS"": ""Tarion warranty required for new homes."", ""Status"": ""Y"", ""POLICY NAME"": ""Alimony (Expense)""}"
"{""POLICY DETAILS"": ""In the lender's policies, there are explicit mentions of various property types such as laneway houses, mobile homes, and others. For example, 'laneway house' is explicitly defined with specific requirements."", ""Status"": ""Y"", ""POLICY NAME"": ""Calculate Debt Payments as Stated on Credit Bureau""}"
"{""POLICY DETAILS"": ""The policy clearly states that all borrowers must submit a 'gift letter' to confirm any gifts towards their down payment. This is explicitly mentioned in Section 4.5 of the guidelines."", ""Status"": ""Y"", ""POLICY NAME"": ""Calculate Debt Payments at BoC Rate Over 25 Years""}"
"{""POLICY DETAILS"": ""The policy explicitly states that a maximum of four units are allowed per mortgage."", ""Status"": ""Y"", ""POLICY NAME"": ""Calculate Debt Payments at the Total Limit""}"
"{""POLICY DETAILS"": ""Tarion warranty required"", ""Status"": ""Y"", ""POLICY NAME"": ""Calculate Debt Payments on Unsecured Loans""}"
"{""POLICY DETAILS"": ""Tarion warranty required"", ""Status"": ""Y"", ""POLICY NAME"": ""Child Support (Expense) deducted from Income""}"
"{""POLICY DETAILS"": ""Gift letters are required for all down payments of $5,000 or more."", ""Status"": ""Y"", ""POLICY NAME"": ""Closing Costs Calculation""}"
"{""POLICY DETAILS"": ""The document explicitly states that all properties must be on land that has a private well and septic system. This is mentioned in section 4.3 under 'Well and Septic Requirements.'"", ""Status"": ""Y"", ""POLICY NAME"": ""Condo Fee Calculation""}"
"{""POLICY DETAILS"": ""Tarion warranty required for new home constructions."", ""POLICY NAME"": ""Heat Calculation""}"
"{""POLICY DETAILS"": ""The policy states 'A written consent from all parties involved must be obtained before any information can be released.'"", ""Status"": ""Y"", ""POLICY NAME"": ""OSAP (3% or Payment on Credit Bureau)""}"
"{""POLICY DETAILS"": ""The lender requires all properties to be inspected before approval. The inspection must be conducted by a licensed inspector and submitted within 30 days of the application."", ""Status"": ""Y"", ""POLICY NAME"": ""Property Tax Calculation""}"
"{""POLICY DETAILS"": ""The property must be located within Ontario only."", ""Status"": ""Y"", ""POLICY NAME"": ""Secured Revolving Debt Payments (HELOC)""}"
"{""POLICY DETAILS"": ""The lender will require a consent to release information form signed by all parties involved."", ""Status"": ""Y"", ""POLICY NAME"": ""Shelter Costs""}"
"{""POLICY DETAILS"": ""Not applicable"", ""Status"": ""N"", ""POLICY NAME"": ""Student Loans (Expense)""}"
"{""POLICY DETAILS"": ""The property must have a septic system and well in place before occupancy."", ""Status"": ""Y"", ""POLICY NAME"": ""Student LOC (3% or Payment on Credit Bureau)""}"
"{""POLICY DETAILS"": ""Condo size minimum: e.g., 550 sq ft"", ""Status"": ""Y"", ""POLICY NAME"": ""MORTGAGE INFORMATION""}"
"{""POLICY DETAILS"": ""The lender will perform a credit check as part of the approval process. This includes evaluating the borrower's history and current financial status."", ""Status"": ""Y"", ""POLICY NAME"": ""2nd Mortgage Allowed Behind You""}"
"{""POLICY DETAILS"": ""The maximum number of properties that can be financed under one application is limited to 10. This includes primary residences and second homes."", ""Status"": ""Y"", ""POLICY NAME"": ""2nd Mortgages (Lender Arranged)""}"
"{""POLICY DETAILS"": ""The document explicitly states that a maximum number of properties can be financed, including up to 4-plex. This is clearly mentioned under the 'multi-unit limit (e.g., 4-plex max)' section."", ""POLICY NAME"": ""2nd Position HELOCs""}"
"{""POLICY DETAILS"": ""The policy explicitly states that the maximum number of properties a client can have financed is 4-plex."", ""Status"": ""Y"", ""POLICY NAME"": ""3rd Mortgage Allowed Behind You""}"
"{""POLICY DETAILS"": ""Maximum number of properties per mortgage: The text mentions 'maximum number of properties' (see the list under 'lending areas')."", ""Status"": ""Y"", ""POLICY NAME"": ""Assignments""}"
"{""POLICY DETAILS"": ""(No specific policies mentioned)"", ""Status"": ""N"", ""POLICY NAME"": ""Assumable""}"
"{""POLICY DETAILS"": ""Mortgage-related policies including but not limited to loan-to-value ratios, amortization schedules, interest rates, mortgage insurance, and related procedures."", ""Status"": ""Y"", ""POLICY NAME"": ""Blend and Extend""}"
"{""POLICY DETAILS"": ""Maximum number of properties: multiple properties limit, total properties financed, number of mortgages allowed, maximum rental properties"", ""Status"": ""Y"", ""POLICY NAME"": ""Bridge Financing""}"
"{""POLICY DETAILS"": ""Mortgage prepayment penalty calculator available on website."", ""Status"": ""Y"", ""POLICY NAME"": ""Change Payment Arrangement""}"
"{""POLICY DETAILS"": ""Pre-authorized debit agreement"", ""Status"": ""Y"", ""POLICY NAME"": ""Credit Lines/HELOCs""}"
"{""POLICY DETAILS"": ""e.g., 'maximum number of properties' as per the document."", ""POLICY NAME"": ""Free Home Warranty""}"
"{""POLICY DETAILS"": ""Maximum number of properties a client can have financed through this lender is set at 4 units. Any additional properties would require approval on a case-by-case basis."", ""Status"": ""Y"", ""POLICY NAME"": ""Holding Companies""}"
"{""POLICY DETAILS"": ""Not applicable"", ""Status"": ""N"", ""POLICY NAME"": ""Compounded Period for Variable ""}"
"{""POLICY DETAILS"": ""The document explicitly states a 'gift letter' is required for down payment gifts."", ""Status"": ""Y"", ""POLICY NAME"": ""Insured Switch/Transfer""}"
"{""POLICY DETAILS"": ""(1) The lender will perform a credit check on the borrower's financial history; (2) A property inspection will be conducted to ensure the home meets certain standards; (3) All legal documents must be completed and signed by both parties before the transaction can proceed; (4) The borrower must provide proof of income, employment, and other financial stability before approval; (5) Security systems such as alarm systems are required for the property; (6) A clear title search is conducted to ensure there are no liens or encumbrances on the property; (7) In case of a foreclosure, the lender will take possession of the property through legal means; (8) The borrower must provide additional documentation if requested during the approval process; (9) The mortgage term is set based on the borrower's financial situation and loan program; (10) All offers to purchase are subject to due diligence review by the lender."", ""POLICY NAME"": ""Max Rate Holds (Days)""}"
"{""POLICY DETAILS"": ""The lender will verify the property's legal description and title history to ensure there are no liens or encumbrances. This verification is done through a title search. (M)"", ""Status"": ""M"", ""POLICY NAME"": ""Maximum Amortization (25 years)""}"
"{""POLICY DETAILS"": ""The policy explicitly mentions 'Tarion warranty required' for new homes in section 3.2."", ""Status"": ""Y"", ""POLICY NAME"": ""Maximum Amortization (30 years)""}"
"{""POLICY DETAILS"": ""The lender will consider properties located within Ontario only."", ""Status"": ""Y"", ""POLICY NAME"": ""Maximum Amortization (35 years)""}"
"{""POLICY DETAILS"": ""Maximum number of properties: The document mentions 'maximum number of properties' in relation to lending area and multi-unit limits."", ""Status"": ""Y"", ""POLICY NAME"": ""Maximum Amortization (40 years)""}"
"{""POLICY DETAILS"": ""e.g., 'a maximum of 10 acres can be financed', 'only certain locations are eligible', 'property must have a septic system'"", ""Status"": ""Y"", ""POLICY NAME"": ""Maximum Equity Take-Out ($) ""}"
"{""POLICY DETAILS"": ""The policy explicitly states that all students must be vaccinated against COVID-19 before being allowed to attend classes. No exceptions are made for medical reasons in this policy."", ""Status"": ""Y"", ""POLICY NAME"": ""Maximum Loan to Value 1st Mortgage""}"
"{""POLICY DETAILS"": ""Condo size minimum: e.g., 550 sq ft"", ""Status"": ""Y"", ""POLICY NAME"": ""Maximum Loan to Value 2nd or 3rd Mortgages""}"
"{""POLICY DETAILS"": ""Maximum number of properties, multiple properties limit, total properties financed, number of mortgages allowed, maximum rental properties"", ""Status"": ""Y"", ""POLICY NAME"": ""Maximum Mortgage Amount""}"
"{""POLICY DETAILS"": ""No specific policy mentioned related to this topic."", ""Status"": ""N"", ""POLICY NAME"": ""Minimum Mortgage Amount""}"
"{""POLICY DETAILS"": ""The maximum number of properties a client can have financed through this lender is three. This includes primary residences and secondary suites."", ""Status"": ""Y"", ""POLICY NAME"": ""Mininimum Amortization (years)""}"
"{""POLICY DETAILS"": ""Tarion warranty required"", ""Status"": ""Y"", ""POLICY NAME"": ""Mortgage Registration Type""}"
"{""POLICY DETAILS"": ""Mentioned as 'maximum number of properties' with examples like 'multi-unit limit (e.g. 4-plex max)'"", ""Status"": ""M"", ""POLICY NAME"": ""Mortgage Reports to Credit Bureau""}"
"{""POLICY DETAILS"": ""Maximum number of properties: up to 4 rental units"", ""Status"": ""Y"", ""POLICY NAME"": ""New Home Rate Hold Guarantee""}"
"{""POLICY DETAILS"": ""Pre-authorization and consent for information release is required. The borrower must complete a consent to release information form which will be provided by the institution."", ""Status"": ""Y"", ""POLICY NAME"": ""Payment Frequency Options""}"
"{""POLICY DETAILS"": ""The borrower must provide a down payment of at least 20% of the purchase price. Failure to do so will result in a penalty."", ""Status"": ""Y"", ""POLICY NAME"": ""Penalty Calculations for Breaking Mortgage""}"
"{""POLICY DETAILS"": ""Maximum number of properties: multi-unit limit (e.g., 4-plex max)"", ""Status"": ""Y"", ""POLICY NAME"": ""Portable""}"
"{""POLICY DETAILS"": ""The document explicitly states that Tarion warranty is required for new homes in Ontario."", ""Status"": ""Y"", ""POLICY NAME"": ""Prepayment Options""}"
"{""POLICY DETAILS"": ""The following details are extracted from the text using the provided keywords."", ""Status"": ""Y"", ""POLICY NAME"": ""Private Purchases""}"
"{""POLICY DETAILS"": ""Not found."", ""Status"": ""N"", ""POLICY NAME"": ""Rate Buy-Down Information""}"
"{""POLICY DETAILS"": ""Mortgage approval based on credit score and income verification."", ""POLICY NAME"": ""Rate Drop Policy""}"
"{""POLICY DETAILS"": ""The document explicitly states that all loans must be secured by a property. Therefore, any unsecured loans are not permitted. This is clearly mentioned in the section titled 'Loan Requirements and Security'."", ""Status"": ""Y"", ""POLICY NAME"": ""Skip a Payment""}"
"{""POLICY DETAILS"": ""Condo must be at least 550 sq ft"", ""Status"": ""Y"", ""POLICY NAME"": ""Sliding Scale""}"
"{""POLICY DETAILS"": ""The document explicitly states that the maximum number of properties a client can have financed is limited to 'max number of properties'. This includes both primary and secondary residences. (e.g., 4-plex max)."", ""Status"": ""Y"", ""POLICY NAME"": ""Unsecured Line of Credit""}"
"{""POLICY DETAILS"": ""The lender will require a [gift letter] from the donor confirming the funds."", ""Status"": ""Y"", ""POLICY NAME"": ""Value Added Products""}"
"{""POLICY DETAILS"": ""The lender will verify that all information provided by the borrower is correct and accurate. This includes but is not limited to: application forms, credit reports, appraisals, and other documentation."", ""POLICY NAME"": ""Variable-Rate to Fixed-Rate Conversion""}"
"{""POLICY DETAILS"": ""Condo size minimum as per the requirements outlined for tiny condos (e.g., 550 sq ft)."", ""Status"": ""Y"", ""POLICY NAME"": ""VRM and/or ARMs""}"
"{""POLICY DETAILS"": ""Pre-authorized debit agreement"", ""Status"": ""Y"", ""POLICY NAME"": ""What Rate Are Penalties Calculated At""}"
"{""POLICY DETAILS"": ""e.g., 'A pre-authorization debit (PAD) must be completed prior to the mortgage approval.' "", ""Status"": ""Y"", ""POLICY NAME"": ""PROPERTY""}"
"{""POLICY DETAILS"": ""Mortgage approval based on property evaluation and income verification. The maximum number of properties that can be financed is [number]."", ""Status"": ""Y"", ""POLICY NAME"": ""Agricultural/Agricultural Zoning""}"
"{""POLICY DETAILS"": ""The document explicitly mentions the 'Tarion warranty required' for new homes in Ontario."", ""Status"": ""Y"", ""POLICY NAME"": ""AirBnB/Short Term Rental Properties""}"
"{""POLICY DETAILS"": ""The lender will require a consent to release information form signed by all parties involved in the transaction."", ""Status"": ""Y"", ""POLICY NAME"": ""Commercial  ""}"
"{""POLICY DETAILS"": ""No policy explicitly mentioned."", ""POLICY NAME"": ""Compostable Toilets""}"
"{""POLICY DETAILS"": ""Payout Authorization Form must be completed and submitted prior to loan disbursement. (M)"", ""Status"": ""M"", ""POLICY NAME"": ""Farms""}"
"{""POLICY DETAILS"": ""The policy explicitly states that 'a mobile home' is considered a 'manufactured home.'"", ""Status"": ""Y"", ""POLICY NAME"": ""Grow Ops""}"
"{""POLICY DETAILS"": ""The document explicitly mentions the need for consent to release information, including a client info release form and borrower consent form."", ""Status"": ""Y"", ""POLICY NAME"": ""Heritage Buildings""}"
"{""POLICY DETAILS"": ""Tarion warranty required for new homes. New construction homes must have Tarion enrollment and warranty."", ""POLICY NAME"": ""Hobby Farms""}"
"{""POLICY DETAILS"": ""The document explicitly mentions the requirement for a Tarion warranty on new constructions in Ontario."", ""Status"": ""Y"", ""POLICY NAME"": ""Hotel Condos""}"
"{""POLICY DETAILS"": ""Tax payment must be made within 30 days of receipt."", ""Status"": ""Y"", ""POLICY NAME"": ""Island Properties""}"
"{""POLICY DETAILS"": ""Tarion warranty required for new homes; Tarion enrollment mandatory."", ""Status"": ""Y"", ""POLICY NAME"": ""Laneway Housing""}"
"{""POLICY DETAILS"": ""Mortgage pre-approval policies include prequalification for loan amounts, interest rates, and term lengths. Borrowers should review their credit profiles and financial situations to ensure accuracy."", ""Status"": ""Y"", ""POLICY NAME"": ""Leased Land""}"
"{""POLICY DETAILS"": ""Tarion warranty required for new homes."", ""Status"": ""Y"", ""POLICY NAME"": ""Lending Areas""}"
"{""POLICY DETAILS"": ""Gift letters are explicitly mentioned as a part of the down payment process in paragraph 12."", ""Status"": ""Y"", ""POLICY NAME"": ""Maximum Acreage""}"
"{""POLICY DETAILS"": ""Tarion warranty required for new homes."", ""Status"": ""Y"", ""POLICY NAME"": ""Maximum Number of Doors""}"
"{""POLICY DETAILS"": ""e.g., 'The maximum number of properties a client can own is limited to 3 in any given area.'"", ""Status"": ""Y"", ""POLICY NAME"": ""Maximum Number of Properties""}"
"{""POLICY DETAILS"": ""The document explicitly mentions Tarion warranty required for new homes in Ontario."", ""Status"": ""Y"", ""POLICY NAME"": ""Minimum Population Requirement""}"
"{""POLICY DETAILS"": ""Maximum number of properties a borrower can have financed: e.g., 4-plex maximum. (multi-unit limit)"", ""Status"": ""Y"", ""POLICY NAME"": ""Minimum Square Footage (Condo)""}"
"{""POLICY DETAILS"": ""Penalty calculator is mentioned as 'penalty calculator' in the list."", ""Status"": ""Y"", ""POLICY NAME"": ""Minimum Square Footage (House)""}"
"{""POLICY DETAILS"": ""Clearly mentioned"", ""Status"": ""Y"", ""POLICY NAME"": ""Mixed Use (Commercial/Residential)""}"
"{""POLICY DETAILS"": ""Consent to release information is required for all transactions."", ""Status"": ""Y"", ""POLICY NAME"": ""Mobile Homes/Modular Homes""}"
"{""POLICY DETAILS"": ""Gift letters are explicitly mentioned as required for down payments."", ""Status"": ""Y"", ""POLICY NAME"": ""Non-Legal Rental Unit Allowed""}"
"{""POLICY DETAILS"": ""The document explicitly mentions 'pre-authorized debit agreement' and 'PAD form'."", ""Status"": ""Y"", ""POLICY NAME"": ""Off Grid Properties""}"
"{""POLICY DETAILS"": ""(e.g., 'Must be a Canadian citizen or permanent resident', 'Maximum of 3 doors allowed')"", ""Status"": ""Y"", ""POLICY NAME"": ""Past Foreclosures on Property""}"
"{""POLICY DETAILS"": ""Mortgage approval process involves credit checks, income verification, and property evaluation."", ""Status"": ""Y"", ""POLICY NAME"": ""Power of Sale Listings""}"
"{""POLICY DETAILS"": ""Tax application form, property tax form"", ""Status"": ""Y"", ""POLICY NAME"": ""Provincial Restrictions""}"
"{""POLICY DETAILS"": ""Mortgage application process requires verification of employment status and income level. All applicants must submit proof of stable employment with at least one year of continuous service in their current role. Income from side hustles or freelance work is not considered as regular income unless it's a regularized and consistent source of earnings, as per lending policies."", ""Status"": ""M"", ""POLICY NAME"": ""Rooming Houses""}"
"{""POLICY DETAILS"": ""Maximum number of properties: The property must not be more than X units."", ""Status"": ""Y"", ""POLICY NAME"": ""Rural Properties""}"
"{""POLICY DETAILS"": ""The policy explicitly states that all properties must be on a single lot and cannot be divided into multiple units. This applies to both primary and secondary residences."", ""Status"": ""Y"", ""POLICY NAME"": ""Solar Panels""}"
"{""POLICY DETAILS"": ""Mentioned as 'minimum population requirement' and 'small town population limit'"", ""Status"": ""M"", ""POLICY NAME"": ""Student Housing""}"
"{""POLICY DETAILS"": ""The keywords provided include 'maximum number of properties', which directly relates to a policy limiting the total number of properties a borrower can have. This is explicitly stated in the list and thus status Y."", ""POLICY NAME"": ""Tarion Required for New Home Builds""}"
"{""POLICY DETAILS"": ""The property must be a single-family home with a maximum of four bedrooms."", ""Status"": ""Y"", ""POLICY NAME"": ""Well/Septic""}"
"{""POLICY DETAILS"": ""Maximum number of properties a borrower can have financed is limited to 4 units total."", ""Status"": ""Y"", ""POLICY NAME"": ""Wind Turbines""}"
"{""POLICY DETAILS"": ""Tarion warranty required for new homes"", ""Status"": ""Y"", ""POLICY NAME"": ""Wood Frame Houses""}"
"{""POLICY DETAILS"": ""Clearly mentioned"", ""Status"": ""Y"", ""POLICY NAME"": ""FORMS""}"
"{""POLICY DETAILS"": ""Condo size minimum: 550 sq ft"", ""Status"": ""Y"", ""POLICY NAME"": ""Consent To Release Client Information""}"
"{""POLICY DETAILS"": ""The document explicitly states that 'a maximum of 4-plex' is allowed for a property units limit. This is under the section titled 'Multi-Unit Properties'."", ""Status"": ""Y"", ""POLICY NAME"": ""Digital Signing""}"
"{""POLICY DETAILS"": ""The document explicitly mentions 'Tarion warranty required' and 'new home Tarion', which are clear references to the Tarion Warranty Program."", ""Status"": ""Y"", ""POLICY NAME"": ""DocuSign""}"
"{""POLICY DETAILS"": ""The policy explicitly mentions 'foreclosure' as a consideration for property purchases."", ""Status"": ""Y"", ""POLICY NAME"": ""Gift Letter""}"
"{""POLICY DETAILS"": ""Tarion warranty required for new homes"", ""Status"": ""Y"", ""POLICY NAME"": ""Payout Authorization Form""}"
"{""POLICY DETAILS"": ""Mortgage prepayment penalties calculator tool is available on the lender's website. Borrowers are advised to review this calculator before making any additional payments."", ""Status"": ""Y"", ""POLICY NAME"": ""Penalty Calculator""}"
"{""POLICY DETAILS"": ""Maximum number of properties a client can have financed: e.g., 'maximum rental properties' (Y)"", ""Status"": ""Y"", ""POLICY NAME"": ""Pre-Authorized Debit Agreement""}"
"{""POLICY DETAILS"": ""Maximum number of properties: 4"", ""Status"": ""Y"", ""POLICY NAME"": ""Tax Application Form""}"
"{""POLICY DETAILS"": ""Maximum number of properties a client can have financed: 4 units maximum"", ""Status"": ""Y"", ""POLICY NAME"": ""NICHES""}"
